planet_name,period,mj
Mercury, 88 ,0.000173910112
Venus, 225, 0.002564
Earth, 365.25, 0.00314558
Mars, 687, 0.0003367
Jupiter, 4330.6, 1
Saturn, 10755.7, 0.299
Uranus, 30688.5, 0.0457
Neptune, 60190, 0.05395
